{
    "name": "smartCar",
    "description": "",
    "dependencies": {
        "core": "*",
        "radio": "*"
    },
    "files": [
        "main.blocks",
        "main.ts",
        "README.md",
        "custom.ts",
        "enums.d.ts",
        "microbit_IR.ts",
        "microbit_IR.cpp",
        "ReceiverIR.cpp",
        "ReceiverIR.h",
        "RemoteIR.h",
        "microbit_RGB.ts",
        "sendbuffer.asm"
    ],
    "testFiles": [
        "test.ts"
    ],
    "supportedTargets": [
        "microbit"
    ],
    "preferredEditor": "blocksprj",
    "yotta": {
        "config": {
            "microbit-dal": {
                "bluetooth": {
                    "open": 1,
                    "whitelist": 0,
                    "security_level": null
                }
            }
        }
    }
}
